{
    "commands": {
        "war": [
            {
                "icon": "🌊",
                "command": "n",
                "description": "𝘕𝘩𝘢̂𝘺 𝘵𝘢𝘨"
            },
            {
                "icon": "💬",
                "command": "c",
                "description": "𝘕𝘩𝘢̂𝘺"
            },
            {
                "icon": "🌷",
                "command": "spam",
                "description": "𝘛𝘳𝘦𝘰"
            },
            {
                "icon": "⚠️",
                "command": "treodatoken",
                "description": "𝘛𝘳𝘦𝘰 𝘥𝘢 𝘵𝘰𝘬𝘦𝘯"
            },
            {
                "icon": "🌹",
                "command": "nhaydatoken",
                "description": "𝘕𝘩𝘢̂𝘺 𝘥𝘢 𝘵𝘰𝘬𝘦𝘯"
            },
            {
                "icon": "🧸",
                "command": "so",
                "description": "𝘛𝘩𝘢̉ 𝘴𝘰̛́"
            },
            {
                "icon": "🤡",
                "command": "reo",
                "description": "𝘳𝘦́𝘰 𝘵𝘦̂𝘯"
            },
            {
                "icon": "📸",
                "command": "fsm",
                "description": "𝘍𝘢𝘤𝘦 𝘚𝘩𝘢𝘮𝘪𝘯𝘨"
            },
            {
                "icon": "🌺",
                "command": "webhook",
                "description": "𝘞𝘦𝘣𝘩𝘰𝘰𝘬 𝘴𝘱𝘢𝘮𝘮𝘦𝘳"
            }
        ],
        "system": [
            {
                "icon": "📁",
                "command": "setspam",
                "description": "𝘚𝘦𝘵𝘶𝘱 𝘯𝘨𝘰̂𝘯"
            },
            {
                "icon": "🚪",
                "command": "vc",
                "description": "𝘛𝘳𝘦𝘰 𝘳𝘰𝘰𝘮"
            },
            {
                "icon": "🍭",
                "command": "id",
                "description": "𝘓𝘢̂́𝘺 𝘐𝘋 𝘜𝘴𝘦𝘳"
            },
            {
                "icon": "🪐",
                "command": "checktoken",
                "description": "𝘊𝘩𝘦𝘤𝘬𝘦𝘳 𝘛𝘰𝘬𝘦𝘯𝘴 𝘝𝘐𝘗"
            },
            {
                "icon": "🍀",
                "command": "info",
                "description": "𝐼𝑛𝑓𝑜 𝑢𝑠𝑒𝑟"
            },
            {
                "icon": "🍄",
                "command": "infosever",
                "description": "𝐼𝑛𝑓𝑜 𝑠𝑒𝑣𝑒𝑟"
            },
            {
                "icon": "🐇",
                "command": "restart",
                "description": "𝘒𝘩𝘰̛̉𝘪 𝘥𝘰̣̂𝘯𝘨 𝘭𝘢̣𝘪 𝘣𝘰𝘁"
            },
            {
                "icon": "🌈",
                "command": "setprefix",
                "description": "𝘋𝘢̣̆𝘵 𝘱𝘳𝘦𝘧𝘪𝘹"
            },
            {
                "icon": "🚀",
                "command": "crngon",
                "description": "𝑇𝑎̣𝑜 𝑛𝑔𝑜̂𝑛 𝑡𝑟𝑒𝑜"
            },
            {
                "icon": "🕹️",
                "command": "ping",
                "description": "𝘒𝘪𝘦̂̉𝘮 𝘵𝘳𝘢 𝘥𝘰̣̂ 𝘵𝘳𝘦̂̃ 𝘣𝘰𝘁"
            },
            {
                "icon": "🧸",
                "command": "setbd",
                "description": "𝘚𝘦𝘵 𝘣𝘪𝘦̣̂𝘵 𝘥𝘢𝘯𝘩"
            }
        ],
        "fun": [
            {
                "icon": "👻",
                "command": "chat",
                "description": "𝘚𝘱𝘢𝘮 𝘯𝘰̣̂𝘪 𝘥𝘶𝘯𝘨"
            },
            {
                "icon": "💋",
                "command": "kiss",
                "description": "𝘏𝘰̂𝘯"
            },
            {
                "icon": "🍆",
                "command": "chich",
                "description": "𝘨𝘢̣ 𝘥𝘪̣𝘁 !!"
            },
            {
                "icon": "🎀",
                "command": "vu",
                "description": "𝘢̉𝘯𝘩 𝘷𝘶́"
            },
            {
                "icon": "💤",
                "command": "anime",
                "description": "𝘙𝘢𝘯𝘥𝘰𝘮 𝘝𝘪𝘥𝘦𝘰 𝘈𝘯𝘪𝘮𝘦"
            },
            {
                "icon": "🌻",
                "command": "girl",
                "description": "𝘙𝘢𝘯𝘥𝘰𝘮 𝘈̉𝘯𝘩 𝘎𝘢́𝘪"
            },
            {
                "icon": "🎙️",
                "command": "voice",
                "description": "𝘎𝘶̛̉𝘪 𝘷𝘰𝘪𝘤𝘦"
            },
            {
                "icon": "💎",
                "command": "edit",
                "description": "𝘌𝘥𝘪𝘵 𝘢̉𝘯𝘩"
            },
            {
                "icon": "👊",
                "command": "đấm [user]",
                "description": "𝘋𝘢̂́𝘮 𝘢𝘪 𝘥𝘰́"
            },
            {
                "icon": "🌟",
                "command": "AutoOwO",
                "description": "𝘊𝘢̀𝘺 𝘖𝘸𝘖"
            }
        ]
    },
    "footer": {
        "text": "🎭🧪 𝘊𝘰𝘱𝘺𝘙𝘪𝘨𝘩𝘵 𝘈𝘥𝘮𝘪𝘯 𝘉𝘰𝘵 𝘗𝘩𝘢𝘮 𝘛𝘶𝘢𝘯 𝘒𝘪𝘦𝘵 🎭🧪",
        "contact": "🌟🎀 𝐓𝐡𝐨̂𝐧𝐠 𝐭𝐢𝐧 𝐁𝐨𝐭 𝐏𝐡𝐚𝐦 𝐓𝐮𝐚𝐧 𝐊𝐢𝐞𝐭 🎀🌟"
    },
    "bot_info": {
        "accounts": "𝘼𝙘𝙘𝙤𝙪𝙣𝙩𝙨",
        "id": "ID",
        "uptime": "Thời gian hoạt động"
    },
    "gif_links": [
        "https://64.media.tumblr.com/7e60fe8c42ada0e741e5df998c925455/tumblr_oqlh8noLzz1ujwg5zo2_540.gif",
        "https://cdn.popsww.com/blog/sites/2/2022/12/nhung-anime-co-nhan-vat-nam-dep.gif",
        "https://genk.mediacdn.vn/k:2016/6-1474109930503/15tamanhgifphananhhoanhaocamgiaccuafanhammoanime.gif",
        "https://picture.dzogame.vn/Img/ghoul2_pp_435.gif",
        "https://media.giphy.com/media/l3vRfAooT6CfUPk4M/source.gif",
        "https://steamuserimages-a.akamaihd.net/ugc/798670388549562199/3982D0F4C43E2704482AA4727ED03D8CAC5360DB/?imw=5000&imh=5000&ima=fit&impolicy=Letterbox&imcolor=%23000000&letterbox=false",
        "https://i.pinimg.com/originals/03/50/34/035034a8d71bfa7202944cd397f9c20b.gif",
        "https://i.pinimg.com/originals/4f/e7/2e/4fe72ed1d58e6edffa4d3ed733bee7ff.gif",
        "https://i.pinimg.com/originals/40/ad/d0/40add08405dd875431b858f2a0419224.gif",
        "https://i.pinimg.com/originals/f1/2b/21/f12b218969982a3a699fc6004120d8b3.gif",
        "https://i.pinimg.com/originals/0f/05/bf/0f05bf7fdd0dd9083b77aa2ffb6666d2.gif",
        "https://encrypted-tbn0.gstatic.com/images?q=tbn:ANd9GcQdYJ_bVadAK2U7GcSPLXjr_HsBmlPjkaoTWw&s",
        "https://encrypted-tbn0.gstatic.com/images?q=tbn:ANd9GcQ-b1vedpy7BueVFpzbs83B5sZJ13fTVO-Ldw&s",
        "https://encrypted-tbn0.gstatic.com/images?q=tbn:ANd9GcRXpmvPE4nBzM4CJ2S-xcMVpODmfZEvrZ-Z6o4U81_k4QXFnWhbkAn9CeA3w_eGlmIkoW4&usqp=CAU",
        "https://i.pinimg.com/originals/84/86/d0/8486d0166699648b85f36f8a7b76c0ff.gif"
    ]
}